"CROP_MASK","COUNTRY","ADM1_CODE","PROVINCE","YEAR","DATA","UNIT"
"Cropland","Armenia",,"ALL","2024",1.35,"VHI % below 35 "
"Cropland","Armenia",,"ALL","2023",5.01,"VHI % below 35 "
"Cropland","Armenia",,"ALL","2022",11.05,"VHI % below 35 "
"Cropland","Armenia",,"ALL","2021",22.66,"VHI % below 35 "
"Cropland","Armenia",,"ALL","2020",6.23,"VHI % below 35 "
"Cropland","Armenia",,"ALL","2019",6.42,"VHI % below 35 "
"Cropland","Armenia",,"ALL","2018",2.05,"VHI % below 35 "
"Cropland","Armenia",,"ALL","2017",2.51,"VHI % below 35 "
"Cropland","Armenia",,"ALL","2016",0.62,"VHI % below 35 "
"Cropland","Armenia",,"ALL","2015",5.43,"VHI % below 35 "
"Cropland","Armenia",,"ALL","2014",4.46,"VHI % below 35 "
"Cropland","Armenia",,"ALL","2013",0.93,"VHI % below 35 "
"Cropland","Armenia",,"ALL","2012",6.47,"VHI % below 35 "
"Cropland","Armenia",,"ALL","2011",8.0e-03,"VHI % below 35 "
"Cropland","Armenia",,"ALL","2010",0.03,"VHI % below 35 "
"Cropland","Armenia",,"ALL","2009",1.25,"VHI % below 35 "
"Cropland","Armenia",,"ALL","2008",2.20,"VHI % below 35 "
"Cropland","Armenia",,"ALL","2007",3.28,"VHI % below 35 "
"Cropland","Armenia",,"ALL","2006",11.88,"VHI % below 35 "
"Cropland","Armenia",,"ALL","2005",0.54,"VHI % below 35 "
"Cropland","Armenia",,"ALL","2004",4.24,"VHI % below 35 "
"Cropland","Armenia",,"ALL","2003",10.04,"VHI % below 35 "
"Cropland","Armenia",,"ALL","2002",0.37,"VHI % below 35 "
"Cropland","Armenia",,"ALL","2001",7.95,"VHI % below 35 "
"Cropland","Armenia",,"ALL","2000",0.07,"VHI % below 35 "
"Cropland","Armenia",,"ALL","1999",1.86,"VHI % below 35 "
"Cropland","Armenia",,"ALL","1998",0.34,"VHI % below 35 "
"Cropland","Armenia",,"ALL","1997",9.97,"VHI % below 35 "
"Cropland","Armenia",,"ALL","1996",5.50,"VHI % below 35 "
"Cropland","Armenia",,"ALL","1995",0.59,"VHI % below 35 "
"Cropland","Armenia",,"ALL","1994",0.00,"VHI % below 35 "
"Cropland","Armenia",,"ALL","1993",0.00,"VHI % below 35 "
"Cropland","Armenia",,"ALL","1992",6.78,"VHI % below 35 "
"Cropland","Armenia",,"ALL","1991",13.21,"VHI % below 35 "
"Cropland","Armenia",,"ALL","1990",54.18,"VHI % below 35 "
"Cropland","Armenia",,"ALL","1989",78.86,"VHI % below 35 "
"Cropland","Armenia",,"ALL","1988",0.23,"VHI % below 35 "
"Cropland","Armenia",,"ALL","1987",30.63,"VHI % below 35 "
"Cropland","Armenia",,"ALL","1986",4.10,"VHI % below 35 "
"Cropland","Armenia",,"ALL","1985",31.64,"VHI % below 35 "
"Cropland","Armenia",,"ALL","1984",0.03,"VHI % below 35 "
"Cropland","Armenia",453,"Aragatsotn","2024",4.54,"VHI % below 35 "
"Cropland","Armenia",454,"Ararat","2024",2.18,"VHI % below 35 "
"Cropland","Armenia",455,"Armavir","2024",6.44,"VHI % below 35 "
"Cropland","Armenia",456,"Gergharkunik","2024",0.00,"VHI % below 35 "
"Cropland","Armenia",457,"Kotayk","2024",0.83,"VHI % below 35 "
"Cropland","Armenia",458,"Lori","2024",0.00,"VHI % below 35 "
"Cropland","Armenia",460,"Shirak","2024",0.00,"VHI % below 35 "
"Cropland","Armenia",461,"Syunik","2024",0.09,"VHI % below 35 "
"Cropland","Armenia",462,"Tavush","2024",1.69,"VHI % below 35 "
"Cropland","Armenia",463,"Vayots Dzor","2024",0.00,"VHI % below 35 "
"Cropland","Armenia",464,"Yerevan","2024",24.32,"VHI % below 35 "
"Cropland","Armenia",453,"Aragatsotn","2023",7.02,"VHI % below 35 "
"Cropland","Armenia",454,"Ararat","2023",12.86,"VHI % below 35 "
"Cropland","Armenia",455,"Armavir","2023",17.25,"VHI % below 35 "
"Cropland","Armenia",456,"Gergharkunik","2023",0.25,"VHI % below 35 "
"Cropland","Armenia",457,"Kotayk","2023",3.39,"VHI % below 35 "
"Cropland","Armenia",458,"Lori","2023",0.00,"VHI % below 35 "
"Cropland","Armenia",460,"Shirak","2023",0.00,"VHI % below 35 "
"Cropland","Armenia",461,"Syunik","2023",7.77,"VHI % below 35 "
"Cropland","Armenia",462,"Tavush","2023",3.22,"VHI % below 35 "
"Cropland","Armenia",463,"Vayots Dzor","2023",0.11,"VHI % below 35 "
"Cropland","Armenia",464,"Yerevan","2023",54.05,"VHI % below 35 "
"Cropland","Armenia",453,"Aragatsotn","2022",21.94,"VHI % below 35 "
"Cropland","Armenia",454,"Ararat","2022",30.09,"VHI % below 35 "
"Cropland","Armenia",455,"Armavir","2022",51.04,"VHI % below 35 "
"Cropland","Armenia",456,"Gergharkunik","2022",6.84,"VHI % below 35 "
"Cropland","Armenia",457,"Kotayk","2022",7.76,"VHI % below 35 "
"Cropland","Armenia",458,"Lori","2022",0.00,"VHI % below 35 "
"Cropland","Armenia",460,"Shirak","2022",0.99,"VHI % below 35 "
"Cropland","Armenia",461,"Syunik","2022",1.81,"VHI % below 35 "
"Cropland","Armenia",462,"Tavush","2022",2.37,"VHI % below 35 "
"Cropland","Armenia",463,"Vayots Dzor","2022",2.15,"VHI % below 35 "
"Cropland","Armenia",464,"Yerevan","2022",78.37,"VHI % below 35 "
"Cropland","Armenia",453,"Aragatsotn","2021",21.83,"VHI % below 35 "
"Cropland","Armenia",454,"Ararat","2021",17.12,"VHI % below 35 "
"Cropland","Armenia",455,"Armavir","2021",33.51,"VHI % below 35 "
"Cropland","Armenia",456,"Gergharkunik","2021",44.38,"VHI % below 35 "
"Cropland","Armenia",457,"Kotayk","2021",14.55,"VHI % below 35 "
"Cropland","Armenia",458,"Lori","2021",0.37,"VHI % below 35 "
"Cropland","Armenia",460,"Shirak","2021",14.14,"VHI % below 35 "
"Cropland","Armenia",461,"Syunik","2021",26.86,"VHI % below 35 "
"Cropland","Armenia",462,"Tavush","2021",7.81,"VHI % below 35 "
"Cropland","Armenia",463,"Vayots Dzor","2021",27.71,"VHI % below 35 "
"Cropland","Armenia",464,"Yerevan","2021",54.05,"VHI % below 35 "
"Cropland","Armenia",453,"Aragatsotn","2020",1.18,"VHI % below 35 "
"Cropland","Armenia",454,"Ararat","2020",4.03,"VHI % below 35 "
"Cropland","Armenia",455,"Armavir","2020",4.08,"VHI % below 35 "
"Cropland","Armenia",456,"Gergharkunik","2020",3.26,"VHI % below 35 "
"Cropland","Armenia",457,"Kotayk","2020",0.07,"VHI % below 35 "
"Cropland","Armenia",458,"Lori","2020",0.14,"VHI % below 35 "
"Cropland","Armenia",460,"Shirak","2020",0.29,"VHI % below 35 "
"Cropland","Armenia",461,"Syunik","2020",19.41,"VHI % below 35 "
"Cropland","Armenia",462,"Tavush","2020",35.65,"VHI % below 35 "
"Cropland","Armenia",463,"Vayots Dzor","2020",2.03,"VHI % below 35 "
"Cropland","Armenia",464,"Yerevan","2020",5.40,"VHI % below 35 "
"Cropland","Armenia",453,"Aragatsotn","2019",1.29,"VHI % below 35 "
"Cropland","Armenia",454,"Ararat","2019",7.63,"VHI % below 35 "
"Cropland","Armenia",455,"Armavir","2019",14.44,"VHI % below 35 "
"Cropland","Armenia",456,"Gergharkunik","2019",10.01,"VHI % below 35 "
"Cropland","Armenia",457,"Kotayk","2019",1.58,"VHI % below 35 "
"Cropland","Armenia",458,"Lori","2019",0.59,"VHI % below 35 "
"Cropland","Armenia",460,"Shirak","2019",0.11,"VHI % below 35 "
"Cropland","Armenia",461,"Syunik","2019",12.02,"VHI % below 35 "
"Cropland","Armenia",462,"Tavush","2019",13.41,"VHI % below 35 "
"Cropland","Armenia",463,"Vayots Dzor","2019",2.15,"VHI % below 35 "
"Cropland","Armenia",464,"Yerevan","2019",13.51,"VHI % below 35 "
"Cropland","Armenia",453,"Aragatsotn","2018",3.24,"VHI % below 35 "
"Cropland","Armenia",454,"Ararat","2018",7.63,"VHI % below 35 "
"Cropland","Armenia",455,"Armavir","2018",7.08,"VHI % below 35 "
"Cropland","Armenia",456,"Gergharkunik","2018",0.15,"VHI % below 35 "
"Cropland","Armenia",457,"Kotayk","2018",1.05,"VHI % below 35 "
"Cropland","Armenia",458,"Lori","2018",0.00,"VHI % below 35 "
"Cropland","Armenia",460,"Shirak","2018",0.00,"VHI % below 35 "
"Cropland","Armenia",461,"Syunik","2018",1.57,"VHI % below 35 "
"Cropland","Armenia",462,"Tavush","2018",1.69,"VHI % below 35 "
"Cropland","Armenia",463,"Vayots Dzor","2018",0.00,"VHI % below 35 "
"Cropland","Armenia",464,"Yerevan","2018",36.48,"VHI % below 35 "
"Cropland","Armenia",453,"Aragatsotn","2017",3.67,"VHI % below 35 "
"Cropland","Armenia",454,"Ararat","2017",1.52,"VHI % below 35 "
"Cropland","Armenia",455,"Armavir","2017",17.43,"VHI % below 35 "
"Cropland","Armenia",456,"Gergharkunik","2017",0.35,"VHI % below 35 "
"Cropland","Armenia",457,"Kotayk","2017",1.13,"VHI % below 35 "
"Cropland","Armenia",458,"Lori","2017",0.00,"VHI % below 35 "
"Cropland","Armenia",460,"Shirak","2017",0.11,"VHI % below 35 "
"Cropland","Armenia",461,"Syunik","2017",1.67,"VHI % below 35 "
"Cropland","Armenia",462,"Tavush","2017",1.52,"VHI % below 35 "
"Cropland","Armenia",463,"Vayots Dzor","2017",0.00,"VHI % below 35 "
"Cropland","Armenia",464,"Yerevan","2017",21.62,"VHI % below 35 "
"Cropland","Armenia",453,"Aragatsotn","2016",0.21,"VHI % below 35 "
"Cropland","Armenia",454,"Ararat","2016",0.65,"VHI % below 35 "
"Cropland","Armenia",455,"Armavir","2016",6.08,"VHI % below 35 "
"Cropland","Armenia",456,"Gergharkunik","2016",0.00,"VHI % below 35 "
"Cropland","Armenia",457,"Kotayk","2016",0.00,"VHI % below 35 "
"Cropland","Armenia",458,"Lori","2016",0.00,"VHI % below 35 "
"Cropland","Armenia",460,"Shirak","2016",0.00,"VHI % below 35 "
"Cropland","Armenia",461,"Syunik","2016",0.00,"VHI % below 35 "
"Cropland","Armenia",462,"Tavush","2016",0.00,"VHI % below 35 "
"Cropland","Armenia",463,"Vayots Dzor","2016",0.00,"VHI % below 35 "
"Cropland","Armenia",464,"Yerevan","2016",8.10,"VHI % below 35 "
"Cropland","Armenia",453,"Aragatsotn","2015",3.13,"VHI % below 35 "
"Cropland","Armenia",454,"Ararat","2015",1.09,"VHI % below 35 "
"Cropland","Armenia",455,"Armavir","2015",13.44,"VHI % below 35 "
"Cropland","Armenia",456,"Gergharkunik","2015",11.69,"VHI % below 35 "
"Cropland","Armenia",457,"Kotayk","2015",1.96,"VHI % below 35 "
"Cropland","Armenia",458,"Lori","2015",0.22,"VHI % below 35 "
"Cropland","Armenia",460,"Shirak","2015",0.35,"VHI % below 35 "
"Cropland","Armenia",461,"Syunik","2015",10.44,"VHI % below 35 "
"Cropland","Armenia",462,"Tavush","2015",1.01,"VHI % below 35 "
"Cropland","Armenia",463,"Vayots Dzor","2015",0.83,"VHI % below 35 "
"Cropland","Armenia",464,"Yerevan","2015",22.97,"VHI % below 35 "
"Cropland","Armenia",453,"Aragatsotn","2014",15.67,"VHI % below 35 "
"Cropland","Armenia",454,"Ararat","2014",3.38,"VHI % below 35 "
"Cropland","Armenia",455,"Armavir","2014",14.16,"VHI % below 35 "
"Cropland","Armenia",456,"Gergharkunik","2014",0.25,"VHI % below 35 "
"Cropland","Armenia",457,"Kotayk","2014",6.63,"VHI % below 35 "
"Cropland","Armenia",458,"Lori","2014",0.89,"VHI % below 35 "
"Cropland","Armenia",460,"Shirak","2014",0.99,"VHI % below 35 "
"Cropland","Armenia",461,"Syunik","2014",0.04,"VHI % below 35 "
"Cropland","Armenia",462,"Tavush","2014",17.31,"VHI % below 35 "
"Cropland","Armenia",463,"Vayots Dzor","2014",0.00,"VHI % below 35 "
"Cropland","Armenia",464,"Yerevan","2014",24.32,"VHI % below 35 "
"Cropland","Armenia",453,"Aragatsotn","2013",3.56,"VHI % below 35 "
"Cropland","Armenia",454,"Ararat","2013",0.32,"VHI % below 35 "
"Cropland","Armenia",455,"Armavir","2013",3.72,"VHI % below 35 "
"Cropland","Armenia",456,"Gergharkunik","2013",0.05,"VHI % below 35 "
"Cropland","Armenia",457,"Kotayk","2013",0.98,"VHI % below 35 "
"Cropland","Armenia",458,"Lori","2013",0.07,"VHI % below 35 "
"Cropland","Armenia",460,"Shirak","2013",0.00,"VHI % below 35 "
"Cropland","Armenia",461,"Syunik","2013",0.66,"VHI % below 35 "
"Cropland","Armenia",462,"Tavush","2013",2.20,"VHI % below 35 "
"Cropland","Armenia",463,"Vayots Dzor","2013",0.00,"VHI % below 35 "
"Cropland","Armenia",464,"Yerevan","2013",1.35,"VHI % below 35 "
"Cropland","Armenia",453,"Aragatsotn","2012",15.13,"VHI % below 35 "
"Cropland","Armenia",454,"Ararat","2012",7.63,"VHI % below 35 "
"Cropland","Armenia",455,"Armavir","2012",32.06,"VHI % below 35 "
"Cropland","Armenia",456,"Gergharkunik","2012",0.71,"VHI % below 35 "
"Cropland","Armenia",457,"Kotayk","2012",8.14,"VHI % below 35 "
"Cropland","Armenia",458,"Lori","2012",0.44,"VHI % below 35 "
"Cropland","Armenia",460,"Shirak","2012",0.41,"VHI % below 35 "
"Cropland","Armenia",461,"Syunik","2012",0.09,"VHI % below 35 "
"Cropland","Armenia",462,"Tavush","2012",16.29,"VHI % below 35 "
"Cropland","Armenia",463,"Vayots Dzor","2012",0.11,"VHI % below 35 "
"Cropland","Armenia",464,"Yerevan","2012",50.00,"VHI % below 35 "
"Cropland","Armenia",453,"Aragatsotn","2011",0.00,"VHI % below 35 "
"Cropland","Armenia",454,"Ararat","2011",0.00,"VHI % below 35 "
"Cropland","Armenia",455,"Armavir","2011",0.00,"VHI % below 35 "
"Cropland","Armenia",456,"Gergharkunik","2011",0.05,"VHI % below 35 "
"Cropland","Armenia",457,"Kotayk","2011",0.00,"VHI % below 35 "
"Cropland","Armenia",458,"Lori","2011",0.00,"VHI % below 35 "
"Cropland","Armenia",460,"Shirak","2011",0.00,"VHI % below 35 "
"Cropland","Armenia",461,"Syunik","2011",0.00,"VHI % below 35 "
"Cropland","Armenia",462,"Tavush","2011",0.00,"VHI % below 35 "
"Cropland","Armenia",463,"Vayots Dzor","2011",0.00,"VHI % below 35 "
"Cropland","Armenia",464,"Yerevan","2011",0.00,"VHI % below 35 "
"Cropland","Armenia",453,"Aragatsotn","2010",0.00,"VHI % below 35 "
"Cropland","Armenia",454,"Ararat","2010",0.00,"VHI % below 35 "
"Cropland","Armenia",455,"Armavir","2010",0.00,"VHI % below 35 "
"Cropland","Armenia",456,"Gergharkunik","2010",0.05,"VHI % below 35 "
"Cropland","Armenia",457,"Kotayk","2010",0.00,"VHI % below 35 "
"Cropland","Armenia",458,"Lori","2010",0.00,"VHI % below 35 "
"Cropland","Armenia",460,"Shirak","2010",0.00,"VHI % below 35 "
"Cropland","Armenia",461,"Syunik","2010",0.19,"VHI % below 35 "
"Cropland","Armenia",462,"Tavush","2010",0.00,"VHI % below 35 "
"Cropland","Armenia",463,"Vayots Dzor","2010",0.00,"VHI % below 35 "
"Cropland","Armenia",464,"Yerevan","2010",0.00,"VHI % below 35 "
"Cropland","Armenia",453,"Aragatsotn","2009",0.00,"VHI % below 35 "
"Cropland","Armenia",454,"Ararat","2009",0.10,"VHI % below 35 "
"Cropland","Armenia",455,"Armavir","2009",0.45,"VHI % below 35 "
"Cropland","Armenia",456,"Gergharkunik","2009",0.10,"VHI % below 35 "
"Cropland","Armenia",457,"Kotayk","2009",0.00,"VHI % below 35 "
"Cropland","Armenia",458,"Lori","2009",0.81,"VHI % below 35 "
"Cropland","Armenia",460,"Shirak","2009",0.00,"VHI % below 35 "
"Cropland","Armenia",461,"Syunik","2009",1.14,"VHI % below 35 "
"Cropland","Armenia",462,"Tavush","2009",20.03,"VHI % below 35 "
"Cropland","Armenia",463,"Vayots Dzor","2009",0.00,"VHI % below 35 "
"Cropland","Armenia",464,"Yerevan","2009",0.00,"VHI % below 35 "
"Cropland","Armenia",453,"Aragatsotn","2008",11.35,"VHI % below 35 "
"Cropland","Armenia",454,"Ararat","2008",4.25,"VHI % below 35 "
"Cropland","Armenia",455,"Armavir","2008",7.26,"VHI % below 35 "
"Cropland","Armenia",456,"Gergharkunik","2008",0.00,"VHI % below 35 "
"Cropland","Armenia",457,"Kotayk","2008",3.31,"VHI % below 35 "
"Cropland","Armenia",458,"Lori","2008",0.00,"VHI % below 35 "
"Cropland","Armenia",460,"Shirak","2008",0.00,"VHI % below 35 "
"Cropland","Armenia",461,"Syunik","2008",0.04,"VHI % below 35 "
"Cropland","Armenia",462,"Tavush","2008",0.00,"VHI % below 35 "
"Cropland","Armenia",463,"Vayots Dzor","2008",0.47,"VHI % below 35 "
"Cropland","Armenia",464,"Yerevan","2008",14.86,"VHI % below 35 "
"Cropland","Armenia",453,"Aragatsotn","2007",0.00,"VHI % below 35 "
"Cropland","Armenia",454,"Ararat","2007",0.54,"VHI % below 35 "
"Cropland","Armenia",455,"Armavir","2007",0.99,"VHI % below 35 "
"Cropland","Armenia",456,"Gergharkunik","2007",0.15,"VHI % below 35 "
"Cropland","Armenia",457,"Kotayk","2007",0.22,"VHI % below 35 "
"Cropland","Armenia",458,"Lori","2007",0.00,"VHI % below 35 "
"Cropland","Armenia",460,"Shirak","2007",0.00,"VHI % below 35 "
"Cropland","Armenia",461,"Syunik","2007",18.51,"VHI % below 35 "
"Cropland","Armenia",462,"Tavush","2007",1.86,"VHI % below 35 "
"Cropland","Armenia",463,"Vayots Dzor","2007",0.00,"VHI % below 35 "
"Cropland","Armenia",464,"Yerevan","2007",2.70,"VHI % below 35 "
"Cropland","Armenia",453,"Aragatsotn","2006",0.10,"VHI % below 35 "
"Cropland","Armenia",454,"Ararat","2006",5.67,"VHI % below 35 "
"Cropland","Armenia",455,"Armavir","2006",0.45,"VHI % below 35 "
"Cropland","Armenia",456,"Gergharkunik","2006",20.12,"VHI % below 35 "
"Cropland","Armenia",457,"Kotayk","2006",10.93,"VHI % below 35 "
"Cropland","Armenia",458,"Lori","2006",0.22,"VHI % below 35 "
"Cropland","Armenia",460,"Shirak","2006",0.00,"VHI % below 35 "
"Cropland","Armenia",461,"Syunik","2006",40.45,"VHI % below 35 "
"Cropland","Armenia",462,"Tavush","2006",0.50,"VHI % below 35 "
"Cropland","Armenia",463,"Vayots Dzor","2006",9.43,"VHI % below 35 "
"Cropland","Armenia",464,"Yerevan","2006",0.00,"VHI % below 35 "
"Cropland","Armenia",453,"Aragatsotn","2005",0.00,"VHI % below 35 "
"Cropland","Armenia",454,"Ararat","2005",0.00,"VHI % below 35 "
"Cropland","Armenia",455,"Armavir","2005",0.00,"VHI % below 35 "
"Cropland","Armenia",456,"Gergharkunik","2005",0.15,"VHI % below 35 "
"Cropland","Armenia",457,"Kotayk","2005",0.00,"VHI % below 35 "
"Cropland","Armenia",458,"Lori","2005",0.00,"VHI % below 35 "
"Cropland","Armenia",460,"Shirak","2005",0.00,"VHI % below 35 "
"Cropland","Armenia",461,"Syunik","2005",3.19,"VHI % below 35 "
"Cropland","Armenia",462,"Tavush","2005",0.00,"VHI % below 35 "
"Cropland","Armenia",463,"Vayots Dzor","2005",0.00,"VHI % below 35 "
"Cropland","Armenia",464,"Yerevan","2005",0.00,"VHI % below 35 "
"Cropland","Armenia",453,"Aragatsotn","2004",0.00,"VHI % below 35 "
"Cropland","Armenia",454,"Ararat","2004",0.00,"VHI % below 35 "
"Cropland","Armenia",455,"Armavir","2004",9.71,"VHI % below 35 "
"Cropland","Armenia",456,"Gergharkunik","2004",16.80,"VHI % below 35 "
"Cropland","Armenia",457,"Kotayk","2004",0.00,"VHI % below 35 "
"Cropland","Armenia",458,"Lori","2004",2.37,"VHI % below 35 "
"Cropland","Armenia",460,"Shirak","2004",0.00,"VHI % below 35 "
"Cropland","Armenia",461,"Syunik","2004",0.23,"VHI % below 35 "
"Cropland","Armenia",462,"Tavush","2004",12.39,"VHI % below 35 "
"Cropland","Armenia",463,"Vayots Dzor","2004",0.00,"VHI % below 35 "
"Cropland","Armenia",464,"Yerevan","2004",0.00,"VHI % below 35 "
"Cropland","Armenia",453,"Aragatsotn","2003",12.97,"VHI % below 35 "
"Cropland","Armenia",454,"Ararat","2003",3.05,"VHI % below 35 "
"Cropland","Armenia",455,"Armavir","2003",0.54,"VHI % below 35 "
"Cropland","Armenia",456,"Gergharkunik","2003",18.59,"VHI % below 35 "
"Cropland","Armenia",457,"Kotayk","2003",14.40,"VHI % below 35 "
"Cropland","Armenia",458,"Lori","2003",2.00,"VHI % below 35 "
"Cropland","Armenia",460,"Shirak","2003",19.36,"VHI % below 35 "
"Cropland","Armenia",461,"Syunik","2003",3.67,"VHI % below 35 "
"Cropland","Armenia",462,"Tavush","2003",11.71,"VHI % below 35 "
"Cropland","Armenia",463,"Vayots Dzor","2003",8.36,"VHI % below 35 "
"Cropland","Armenia",464,"Yerevan","2003",14.86,"VHI % below 35 "
"Cropland","Armenia",453,"Aragatsotn","2002",0.00,"VHI % below 35 "
"Cropland","Armenia",454,"Ararat","2002",0.00,"VHI % below 35 "
"Cropland","Armenia",455,"Armavir","2002",0.00,"VHI % below 35 "
"Cropland","Armenia",456,"Gergharkunik","2002",2.40,"VHI % below 35 "
"Cropland","Armenia",457,"Kotayk","2002",0.00,"VHI % below 35 "
"Cropland","Armenia",458,"Lori","2002",0.00,"VHI % below 35 "
"Cropland","Armenia",460,"Shirak","2002",0.00,"VHI % below 35 "
"Cropland","Armenia",461,"Syunik","2002",0.04,"VHI % below 35 "
"Cropland","Armenia",462,"Tavush","2002",0.00,"VHI % below 35 "
"Cropland","Armenia",463,"Vayots Dzor","2002",0.00,"VHI % below 35 "
"Cropland","Armenia",464,"Yerevan","2002",0.00,"VHI % below 35 "
"Cropland","Armenia",453,"Aragatsotn","2001",0.21,"VHI % below 35 "
"Cropland","Armenia",454,"Ararat","2001",37.07,"VHI % below 35 "
"Cropland","Armenia",455,"Armavir","2001",1.90,"VHI % below 35 "
"Cropland","Armenia",456,"Gergharkunik","2001",15.42,"VHI % below 35 "
"Cropland","Armenia",457,"Kotayk","2001",0.22,"VHI % below 35 "
"Cropland","Armenia",458,"Lori","2001",0.07,"VHI % below 35 "
"Cropland","Armenia",460,"Shirak","2001",0.00,"VHI % below 35 "
"Cropland","Armenia",461,"Syunik","2001",12.26,"VHI % below 35 "
"Cropland","Armenia",462,"Tavush","2001",0.00,"VHI % below 35 "
"Cropland","Armenia",463,"Vayots Dzor","2001",11.70,"VHI % below 35 "
"Cropland","Armenia",464,"Yerevan","2001",0.00,"VHI % below 35 "
"Cropland","Armenia",453,"Aragatsotn","2000",0.00,"VHI % below 35 "
"Cropland","Armenia",454,"Ararat","2000",0.21,"VHI % below 35 "
"Cropland","Armenia",455,"Armavir","2000",0.09,"VHI % below 35 "
"Cropland","Armenia",456,"Gergharkunik","2000",0.10,"VHI % below 35 "
"Cropland","Armenia",457,"Kotayk","2000",0.00,"VHI % below 35 "
"Cropland","Armenia",458,"Lori","2000",0.00,"VHI % below 35 "
"Cropland","Armenia",460,"Shirak","2000",0.00,"VHI % below 35 "
"Cropland","Armenia",461,"Syunik","2000",0.00,"VHI % below 35 "
"Cropland","Armenia",462,"Tavush","2000",0.84,"VHI % below 35 "
"Cropland","Armenia",463,"Vayots Dzor","2000",0.00,"VHI % below 35 "
"Cropland","Armenia",464,"Yerevan","2000",0.00,"VHI % below 35 "
"Cropland","Armenia",453,"Aragatsotn","1999",1.18,"VHI % below 35 "
"Cropland","Armenia",454,"Ararat","1999",14.50,"VHI % below 35 "
"Cropland","Armenia",455,"Armavir","1999",0.63,"VHI % below 35 "
"Cropland","Armenia",456,"Gergharkunik","1999",3.01,"VHI % below 35 "
"Cropland","Armenia",457,"Kotayk","1999",0.00,"VHI % below 35 "
"Cropland","Armenia",458,"Lori","1999",0.00,"VHI % below 35 "
"Cropland","Armenia",460,"Shirak","1999",0.00,"VHI % below 35 "
"Cropland","Armenia",461,"Syunik","1999",0.33,"VHI % below 35 "
"Cropland","Armenia",462,"Tavush","1999",0.00,"VHI % below 35 "
"Cropland","Armenia",463,"Vayots Dzor","1999",2.74,"VHI % below 35 "
"Cropland","Armenia",464,"Yerevan","1999",0.00,"VHI % below 35 "
"Cropland","Armenia",453,"Aragatsotn","1998",0.00,"VHI % below 35 "
"Cropland","Armenia",454,"Ararat","1998",0.21,"VHI % below 35 "
"Cropland","Armenia",455,"Armavir","1998",0.00,"VHI % below 35 "
"Cropland","Armenia",456,"Gergharkunik","1998",0.51,"VHI % below 35 "
"Cropland","Armenia",457,"Kotayk","1998",0.45,"VHI % below 35 "
"Cropland","Armenia",458,"Lori","1998",0.14,"VHI % below 35 "
"Cropland","Armenia",460,"Shirak","1998",0.00,"VHI % below 35 "
"Cropland","Armenia",461,"Syunik","1998",0.00,"VHI % below 35 "
"Cropland","Armenia",462,"Tavush","1998",4.07,"VHI % below 35 "
"Cropland","Armenia",463,"Vayots Dzor","1998",0.00,"VHI % below 35 "
"Cropland","Armenia",464,"Yerevan","1998",0.00,"VHI % below 35 "
"Cropland","Armenia",453,"Aragatsotn","1997",17.40,"VHI % below 35 "
"Cropland","Armenia",454,"Ararat","1997",2.61,"VHI % below 35 "
"Cropland","Armenia",455,"Armavir","1997",5.17,"VHI % below 35 "
"Cropland","Armenia",456,"Gergharkunik","1997",3.32,"VHI % below 35 "
"Cropland","Armenia",457,"Kotayk","1997",0.45,"VHI % below 35 "
"Cropland","Armenia",458,"Lori","1997",2.97,"VHI % below 35 "
"Cropland","Armenia",460,"Shirak","1997",47.41,"VHI % below 35 "
"Cropland","Armenia",461,"Syunik","1997",5.58,"VHI % below 35 "
"Cropland","Armenia",462,"Tavush","1997",1.01,"VHI % below 35 "
"Cropland","Armenia",463,"Vayots Dzor","1997",0.00,"VHI % below 35 "
"Cropland","Armenia",464,"Yerevan","1997",0.00,"VHI % below 35 "
"Cropland","Armenia",453,"Aragatsotn","1996",10.37,"VHI % below 35 "
"Cropland","Armenia",454,"Ararat","1996",7.52,"VHI % below 35 "
"Cropland","Armenia",455,"Armavir","1996",17.34,"VHI % below 35 "
"Cropland","Armenia",456,"Gergharkunik","1996",7.61,"VHI % below 35 "
"Cropland","Armenia",457,"Kotayk","1996",6.56,"VHI % below 35 "
"Cropland","Armenia",458,"Lori","1996",0.07,"VHI % below 35 "
"Cropland","Armenia",460,"Shirak","1996",0.17,"VHI % below 35 "
"Cropland","Armenia",461,"Syunik","1996",1.43,"VHI % below 35 "
"Cropland","Armenia",462,"Tavush","1996",0.34,"VHI % below 35 "
"Cropland","Armenia",463,"Vayots Dzor","1996",8.84,"VHI % below 35 "
"Cropland","Armenia",464,"Yerevan","1996",9.45,"VHI % below 35 "
"Cropland","Armenia",453,"Aragatsotn","1995",1.94,"VHI % below 35 "
"Cropland","Armenia",454,"Ararat","1995",0.98,"VHI % below 35 "
"Cropland","Armenia",455,"Armavir","1995",0.00,"VHI % below 35 "
"Cropland","Armenia",456,"Gergharkunik","1995",2.14,"VHI % below 35 "
"Cropland","Armenia",457,"Kotayk","1995",0.15,"VHI % below 35 "
"Cropland","Armenia",458,"Lori","1995",0.00,"VHI % below 35 "
"Cropland","Armenia",460,"Shirak","1995",0.00,"VHI % below 35 "
"Cropland","Armenia",461,"Syunik","1995",0.00,"VHI % below 35 "
"Cropland","Armenia",462,"Tavush","1995",0.00,"VHI % below 35 "
"Cropland","Armenia",463,"Vayots Dzor","1995",0.71,"VHI % below 35 "
"Cropland","Armenia",464,"Yerevan","1995",0.00,"VHI % below 35 "
"Cropland","Armenia",453,"Aragatsotn","1994",0.00,"VHI % below 35 "
"Cropland","Armenia",454,"Ararat","1994",0.00,"VHI % below 35 "
"Cropland","Armenia",455,"Armavir","1994",0.00,"VHI % below 35 "
"Cropland","Armenia",456,"Gergharkunik","1994",0.00,"VHI % below 35 "
"Cropland","Armenia",457,"Kotayk","1994",0.00,"VHI % below 35 "
"Cropland","Armenia",458,"Lori","1994",0.00,"VHI % below 35 "
"Cropland","Armenia",460,"Shirak","1994",0.00,"VHI % below 35 "
"Cropland","Armenia",461,"Syunik","1994",0.00,"VHI % below 35 "
"Cropland","Armenia",462,"Tavush","1994",0.00,"VHI % below 35 "
"Cropland","Armenia",463,"Vayots Dzor","1994",0.00,"VHI % below 35 "
"Cropland","Armenia",464,"Yerevan","1994",0.00,"VHI % below 35 "
"Cropland","Armenia",453,"Aragatsotn","1993",0.00,"VHI % below 35 "
"Cropland","Armenia",454,"Ararat","1993",0.00,"VHI % below 35 "
"Cropland","Armenia",455,"Armavir","1993",0.00,"VHI % below 35 "
"Cropland","Armenia",456,"Gergharkunik","1993",0.00,"VHI % below 35 "
"Cropland","Armenia",457,"Kotayk","1993",0.00,"VHI % below 35 "
"Cropland","Armenia",458,"Lori","1993",0.00,"VHI % below 35 "
"Cropland","Armenia",460,"Shirak","1993",0.00,"VHI % below 35 "
"Cropland","Armenia",461,"Syunik","1993",0.00,"VHI % below 35 "
"Cropland","Armenia",462,"Tavush","1993",0.00,"VHI % below 35 "
"Cropland","Armenia",463,"Vayots Dzor","1993",0.00,"VHI % below 35 "
"Cropland","Armenia",464,"Yerevan","1993",0.00,"VHI % below 35 "
"Cropland","Armenia",453,"Aragatsotn","1992",1.08,"VHI % below 35 "
"Cropland","Armenia",454,"Ararat","1992",7.63,"VHI % below 35 "
"Cropland","Armenia",455,"Armavir","1992",2.99,"VHI % below 35 "
"Cropland","Armenia",456,"Gergharkunik","1992",1.48,"VHI % below 35 "
"Cropland","Armenia",457,"Kotayk","1992",37.78,"VHI % below 35 "
"Cropland","Armenia",458,"Lori","1992",9.35,"VHI % below 35 "
"Cropland","Armenia",460,"Shirak","1992",0.00,"VHI % below 35 "
"Cropland","Armenia",461,"Syunik","1992",3.29,"VHI % below 35 "
"Cropland","Armenia",462,"Tavush","1992",0.00,"VHI % below 35 "
"Cropland","Armenia",463,"Vayots Dzor","1992",0.11,"VHI % below 35 "
"Cropland","Armenia",464,"Yerevan","1992",47.29,"VHI % below 35 "
"Cropland","Armenia",453,"Aragatsotn","1991",9.83,"VHI % below 35 "
"Cropland","Armenia",454,"Ararat","1991",44.60,"VHI % below 35 "
"Cropland","Armenia",455,"Armavir","1991",23.79,"VHI % below 35 "
"Cropland","Armenia",456,"Gergharkunik","1991",2.86,"VHI % below 35 "
"Cropland","Armenia",457,"Kotayk","1991",28.35,"VHI % below 35 "
"Cropland","Armenia",458,"Lori","1991",0.44,"VHI % below 35 "
"Cropland","Armenia",460,"Shirak","1991",0.00,"VHI % below 35 "
"Cropland","Armenia",461,"Syunik","1991",15.60,"VHI % below 35 "
"Cropland","Armenia",462,"Tavush","1991",0.00,"VHI % below 35 "
"Cropland","Armenia",463,"Vayots Dzor","1991",17.44,"VHI % below 35 "
"Cropland","Armenia",464,"Yerevan","1991",39.18,"VHI % below 35 "
"Cropland","Armenia",453,"Aragatsotn","1990",43.67,"VHI % below 35 "
"Cropland","Armenia",454,"Ararat","1990",43.62,"VHI % below 35 "
"Cropland","Armenia",455,"Armavir","1990",19.61,"VHI % below 35 "
"Cropland","Armenia",456,"Gergharkunik","1990",60.47,"VHI % below 35 "
"Cropland","Armenia",457,"Kotayk","1990",80.46,"VHI % below 35 "
"Cropland","Armenia",458,"Lori","1990",53.74,"VHI % below 35 "
"Cropland","Armenia",460,"Shirak","1990",48.41,"VHI % below 35 "
"Cropland","Armenia",461,"Syunik","1990",61.16,"VHI % below 35 "
"Cropland","Armenia",462,"Tavush","1990",11.37,"VHI % below 35 "
"Cropland","Armenia",463,"Vayots Dzor","1990",93.54,"VHI % below 35 "
"Cropland","Armenia",464,"Yerevan","1990",32.43,"VHI % below 35 "
"Cropland","Armenia",453,"Aragatsotn","1989",100.00,"VHI % below 35 "
"Cropland","Armenia",454,"Ararat","1989",98.58,"VHI % below 35 "
"Cropland","Armenia",455,"Armavir","1989",96.63,"VHI % below 35 "
"Cropland","Armenia",456,"Gergharkunik","1989",46.22,"VHI % below 35 "
"Cropland","Armenia",457,"Kotayk","1989",99.69,"VHI % below 35 "
"Cropland","Armenia",458,"Lori","1989",61.61,"VHI % below 35 "
"Cropland","Armenia",460,"Shirak","1989",99.70,"VHI % below 35 "
"Cropland","Armenia",461,"Syunik","1989",73.13,"VHI % below 35 "
"Cropland","Armenia",462,"Tavush","1989",11.71,"VHI % below 35 "
"Cropland","Armenia",463,"Vayots Dzor","1989",98.92,"VHI % below 35 "
"Cropland","Armenia",464,"Yerevan","1989",100.00,"VHI % below 35 "
"Cropland","Armenia",453,"Aragatsotn","1988",0.00,"VHI % below 35 "
"Cropland","Armenia",454,"Ararat","1988",0.00,"VHI % below 35 "
"Cropland","Armenia",455,"Armavir","1988",0.00,"VHI % below 35 "
"Cropland","Armenia",456,"Gergharkunik","1988",0.00,"VHI % below 35 "
"Cropland","Armenia",457,"Kotayk","1988",0.00,"VHI % below 35 "
"Cropland","Armenia",458,"Lori","1988",0.00,"VHI % below 35 "
"Cropland","Armenia",460,"Shirak","1988",0.00,"VHI % below 35 "
"Cropland","Armenia",461,"Syunik","1988",1.09,"VHI % below 35 "
"Cropland","Armenia",462,"Tavush","1988",0.00,"VHI % below 35 "
"Cropland","Armenia",463,"Vayots Dzor","1988",0.83,"VHI % below 35 "
"Cropland","Armenia",464,"Yerevan","1988",0.00,"VHI % below 35 "
"Cropland","Armenia",453,"Aragatsotn","1987",32.54,"VHI % below 35 "
"Cropland","Armenia",454,"Ararat","1987",18.97,"VHI % below 35 "
"Cropland","Armenia",455,"Armavir","1987",3.99,"VHI % below 35 "
"Cropland","Armenia",456,"Gergharkunik","1987",84.52,"VHI % below 35 "
"Cropland","Armenia",457,"Kotayk","1987",54.75,"VHI % below 35 "
"Cropland","Armenia",458,"Lori","1987",18.04,"VHI % below 35 "
"Cropland","Armenia",460,"Shirak","1987",33.97,"VHI % below 35 "
"Cropland","Armenia",461,"Syunik","1987",6.67,"VHI % below 35 "
"Cropland","Armenia",462,"Tavush","1987",8.82,"VHI % below 35 "
"Cropland","Armenia",463,"Vayots Dzor","1987",2.38,"VHI % below 35 "
"Cropland","Armenia",464,"Yerevan","1987",13.51,"VHI % below 35 "
"Cropland","Armenia",453,"Aragatsotn","1986",9.40,"VHI % below 35 "
"Cropland","Armenia",454,"Ararat","1986",5.45,"VHI % below 35 "
"Cropland","Armenia",455,"Armavir","1986",11.17,"VHI % below 35 "
"Cropland","Armenia",456,"Gergharkunik","1986",2.40,"VHI % below 35 "
"Cropland","Armenia",457,"Kotayk","1986",6.78,"VHI % below 35 "
"Cropland","Armenia",458,"Lori","1986",2.82,"VHI % below 35 "
"Cropland","Armenia",460,"Shirak","1986",1.64,"VHI % below 35 "
"Cropland","Armenia",461,"Syunik","1986",0.00,"VHI % below 35 "
"Cropland","Armenia",462,"Tavush","1986",5.09,"VHI % below 35 "
"Cropland","Armenia",463,"Vayots Dzor","1986",0.47,"VHI % below 35 "
"Cropland","Armenia",464,"Yerevan","1986",41.89,"VHI % below 35 "
"Cropland","Armenia",453,"Aragatsotn","1985",44.43,"VHI % below 35 "
"Cropland","Armenia",454,"Ararat","1985",43.51,"VHI % below 35 "
"Cropland","Armenia",455,"Armavir","1985",79.11,"VHI % below 35 "
"Cropland","Armenia",456,"Gergharkunik","1985",43.51,"VHI % below 35 "
"Cropland","Armenia",457,"Kotayk","1985",49.62,"VHI % below 35 "
"Cropland","Armenia",458,"Lori","1985",2.59,"VHI % below 35 "
"Cropland","Armenia",460,"Shirak","1985",9.33,"VHI % below 35 "
"Cropland","Armenia",461,"Syunik","1985",12.64,"VHI % below 35 "
"Cropland","Armenia",462,"Tavush","1985",2.37,"VHI % below 35 "
"Cropland","Armenia",463,"Vayots Dzor","1985",41.33,"VHI % below 35 "
"Cropland","Armenia",464,"Yerevan","1985",87.83,"VHI % below 35 "
"Cropland","Armenia",453,"Aragatsotn","1984",0.21,"VHI % below 35 "
"Cropland","Armenia",454,"Ararat","1984",0.00,"VHI % below 35 "
"Cropland","Armenia",455,"Armavir","1984",0.18,"VHI % below 35 "
"Cropland","Armenia",456,"Gergharkunik","1984",0.00,"VHI % below 35 "
"Cropland","Armenia",457,"Kotayk","1984",0.00,"VHI % below 35 "
"Cropland","Armenia",458,"Lori","1984",0.00,"VHI % below 35 "
"Cropland","Armenia",460,"Shirak","1984",0.00,"VHI % below 35 "
"Cropland","Armenia",461,"Syunik","1984",0.00,"VHI % below 35 "
"Cropland","Armenia",462,"Tavush","1984",0.00,"VHI % below 35 "
"Cropland","Armenia",463,"Vayots Dzor","1984",0.00,"VHI % below 35 "
"Cropland","Armenia",464,"Yerevan","1984",0.00,"VHI % below 35 "
